candidate_id,requested_name,disposition,catalog_id,canonical_name,identity_status,taxonomy_status,muscle_status,mechanics_status,study_status,fingerprint_status,targeting_status,day_coverage_status,week_status,movement_support_status,quality_coverage_status,measurement_mode,load_convention,log_status,history_status,db_identity_status,db_mapping_status,norm_status,media_status,g1,g2,g3,g4,g5,g6,blockers,evidence_paths
E01,Neck Flexion Machine,new record,401,Neck Flexion Machine,verified,estimated-reviewed,verified,estimated-reviewed,derived-tested,derived-tested,derived-tested,derived-tested,derived-tested,derived-tested,derived-tested,load_reps,machine_displayed_load,derived-tested,derived-tested,pending,pending,unavailable-reviewed,unavailable-reviewed,verified,verified,derived-tested,derived-tested,pending,derived-tested,"database rows prepared, not applied (owner authorization, B009); no normative reference for this exact exercise and protocol (unsupported route tested); no exact-variation photo (placeholder shown); resistance curve not established (shown as unavailable)",docs/exercise-expansion-v1/evidence.json#E01; docs/exercise-expansion-v1/diagnostics.json#401; client/src/lib/exerciseExpansion.validator.test.ts; client/src/lib/exerciseExpansion.hazards.test.ts; client/src/lib/exerciseExpansion.logging.test.ts; supabase/prepared/exercise_expansion_v1/
E02,Neck Extension Machine,new record,402,Neck Extension Machine,verified,estimated-reviewed,verified,estimated-reviewed,derived-tested,derived-tested,derived-tested,derived-tested,derived-tested,derived-tested,derived-tested,load_reps,machine_displayed_load,derived-tested,derived-tested,pending,pending,unavailable-reviewed,unavailable-reviewed,verified,verified,derived-tested,derived-tested,pending,derived-tested,"database rows prepared, not applied (owner authorization, B009); no normative reference for this exact exercise and protocol (unsupported route tested); no exact-variation photo (placeholder shown); resistance curve not established (shown as unavailable)",docs/exercise-expansion-v1/evidence.json#E02; docs/exercise-expansion-v1/diagnostics.json#402; client/src/lib/exerciseExpansion.validator.test.ts; client/src/lib/exerciseExpansion.hazards.test.ts; client/src/lib/exerciseExpansion.logging.test.ts; supabase/prepared/exercise_expansion_v1/
E03,Neck Lateral Flexion Machine,new record,403,Neck Lateral Flexion Machine,verified,estimated-reviewed,verified,estimated-reviewed,derived-tested,derived-tested,derived-tested,derived-tested,derived-tested,derived-tested,derived-tested,load_reps,machine_displayed_load,derived-tested,derived-tested,pending,pending,unavailable-reviewed,unavailable-reviewed,verified,verified,derived-tested,derived-tested,pending,derived-tested,"database rows prepared, not applied (owner authorization, B009); no normative reference for this exact exercise and protocol (unsupported route tested); no exact-variation photo (placeholder shown); resistance curve not established (shown as unavailable)",docs/exercise-expansion-v1/evidence.json#E03; docs/exercise-expansion-v1/diagnostics.json#403; client/src/lib/exerciseExpansion.validator.test.ts; client/src/lib/exerciseExpansion.hazards.test.ts; client/src/lib/exerciseExpansion.logging.test.ts; supabase/prepared/exercise_expansion_v1/
E04,Harness Neck Extension,new record,404,Harness Neck Extension,verified,estimated-reviewed,verified,estimated-reviewed,not-applicable-reviewed,derived-tested,derived-tested,derived-tested,derived-tested,derived-tested,derived-tested,load_reps,total_external_load,derived-tested,derived-tested,pending,pending,unavailable-reviewed,verified,verified,verified,derived-tested,derived-tested,pending,derived-tested,"database rows prepared, not applied (owner authorization, B009); no normative reference for this exact exercise and protocol (unsupported route tested); resistance curve not established (shown as unavailable)",docs/exercise-expansion-v1/evidence.json#E04; docs/exercise-expansion-v1/diagnostics.json#404; client/src/lib/exerciseExpansion.validator.test.ts; client/src/lib/exerciseExpansion.hazards.test.ts; client/src/lib/exerciseExpansion.logging.test.ts; supabase/prepared/exercise_expansion_v1/
E05,Band-Resisted Neck Flexion,new record,405,Band-Resisted Neck Flexion,verified,estimated-reviewed,verified,estimated-reviewed,not-applicable-reviewed,derived-tested,derived-tested,derived-tested,derived-tested,derived-tested,derived-tested,setting_reps,resistance_setting,derived-tested,derived-tested,pending,pending,unavailable-reviewed,unavailable-reviewed,verified,verified,derived-tested,derived-tested,pending,derived-tested,"database rows prepared, not applied (owner authorization, B009); no normative reference for this exact exercise and protocol (unsupported route tested); no exact-variation photo (placeholder shown); resistance curve not established (shown as unavailable)",docs/exercise-expansion-v1/evidence.json#E05; docs/exercise-expansion-v1/diagnostics.json#405; client/src/lib/exerciseExpansion.validator.test.ts; client/src/lib/exerciseExpansion.hazards.test.ts; client/src/lib/exerciseExpansion.logging.test.ts; supabase/prepared/exercise_expansion_v1/
E06,Band-Resisted Neck Extension,new record,406,Band-Resisted Neck Extension,verified,estimated-reviewed,verified,estimated-reviewed,not-applicable-reviewed,derived-tested,derived-tested,derived-tested,derived-tested,derived-tested,derived-tested,setting_reps,resistance_setting,derived-tested,derived-tested,pending,pending,unavailable-reviewed,unavailable-reviewed,verified,verified,derived-tested,derived-tested,pending,derived-tested,"database rows prepared, not applied (owner authorization, B009); no normative reference for this exact exercise and protocol (unsupported route tested); no exact-variation photo (placeholder shown); resistance curve not established (shown as unavailable)",docs/exercise-expansion-v1/evidence.json#E06; docs/exercise-expansion-v1/diagnostics.json#406; client/src/lib/exerciseExpansion.validator.test.ts; client/src/lib/exerciseExpansion.hazards.test.ts; client/src/lib/exerciseExpansion.logging.test.ts; supabase/prepared/exercise_expansion_v1/
E07,Isometric Neck Lateral Flexion,"new record; the database has an unmapped research row ""Neck Lateral Flexion Isometric"" (band/manual/harness) that is a broader exercise and was not merged",407,Isometric Neck Lateral Flexion,verified,estimated-reviewed,verified,estimated-reviewed,not-applicable-reviewed,derived-tested,derived-tested,derived-tested,derived-tested,derived-tested,derived-tested,duration,no_external_load,derived-tested,derived-tested,pending,pending,unavailable-reviewed,verified,verified,verified,derived-tested,derived-tested,pending,derived-tested,"database rows prepared, not applied (owner authorization, B009); no normative reference for this exact exercise and protocol (unsupported route tested)",docs/exercise-expansion-v1/evidence.json#E07; docs/exercise-expansion-v1/diagnostics.json#407; client/src/lib/exerciseExpansion.validator.test.ts; client/src/lib/exerciseExpansion.hazards.test.ts; client/src/lib/exerciseExpansion.logging.test.ts; supabase/prepared/exercise_expansion_v1/
E08,Isometric Neck Rotation,new record,408,Isometric Neck Rotation,verified,estimated-reviewed,verified,estimated-reviewed,not-applicable-reviewed,derived-tested,derived-tested,derived-tested,derived-tested,derived-tested,derived-tested,duration,no_external_load,derived-tested,derived-tested,pending,pending,unavailable-reviewed,unavailable-reviewed,verified,verified,derived-tested,derived-tested,pending,derived-tested,"database rows prepared, not applied (owner authorization, B009); no normative reference for this exact exercise and protocol (unsupported route tested); no exact-variation photo (placeholder shown)",docs/exercise-expansion-v1/evidence.json#E08; docs/exercise-expansion-v1/diagnostics.json#408; client/src/lib/exerciseExpansion.validator.test.ts; client/src/lib/exerciseExpansion.hazards.test.ts; client/src/lib/exerciseExpansion.logging.test.ts; supabase/prepared/exercise_expansion_v1/
E09,Dumbbell Forearm Pronation,new record,409,Dumbbell Forearm Pronation,verified,estimated-reviewed,verified,estimated-reviewed,derived-tested,derived-tested,derived-tested,derived-tested,derived-tested,derived-tested,derived-tested,load_reps,per_implement,derived-tested,derived-tested,pending,pending,unavailable-reviewed,unavailable-reviewed,verified,verified,derived-tested,derived-tested,pending,derived-tested,"database rows prepared, not applied (owner authorization, B009); no normative reference for this exact exercise and protocol (unsupported route tested); no exact-variation photo (placeholder shown); resistance curve not established (shown as unavailable)",docs/exercise-expansion-v1/evidence.json#E09; docs/exercise-expansion-v1/diagnostics.json#409; client/src/lib/exerciseExpansion.validator.test.ts; client/src/lib/exerciseExpansion.hazards.test.ts; client/src/lib/exerciseExpansion.logging.test.ts; supabase/prepared/exercise_expansion_v1/
E10,Dumbbell Forearm Supination,new record,410,Dumbbell Forearm Supination,verified,estimated-reviewed,verified,estimated-reviewed,derived-tested,derived-tested,derived-tested,derived-tested,derived-tested,derived-tested,derived-tested,load_reps,per_implement,derived-tested,derived-tested,pending,pending,unavailable-reviewed,unavailable-reviewed,verified,verified,derived-tested,derived-tested,pending,derived-tested,"database rows prepared, not applied (owner authorization, B009); no normative reference for this exact exercise and protocol (unsupported route tested); no exact-variation photo (placeholder shown); resistance curve not established (shown as unavailable)",docs/exercise-expansion-v1/evidence.json#E10; docs/exercise-expansion-v1/diagnostics.json#410; client/src/lib/exerciseExpansion.validator.test.ts; client/src/lib/exerciseExpansion.hazards.test.ts; client/src/lib/exerciseExpansion.logging.test.ts; supabase/prepared/exercise_expansion_v1/
E11,Dumbbell Wrist Radial Deviation,new record,411,Dumbbell Wrist Radial Deviation,verified,estimated-reviewed,verified,estimated-reviewed,derived-tested,derived-tested,derived-tested,derived-tested,derived-tested,derived-tested,derived-tested,load_reps,per_implement,derived-tested,derived-tested,pending,pending,unavailable-reviewed,unavailable-reviewed,verified,verified,derived-tested,derived-tested,pending,derived-tested,"database rows prepared, not applied (owner authorization, B009); no normative reference for this exact exercise and protocol (unsupported route tested); no exact-variation photo (placeholder shown); resistance curve not established (shown as unavailable)",docs/exercise-expansion-v1/evidence.json#E11; docs/exercise-expansion-v1/diagnostics.json#411; client/src/lib/exerciseExpansion.validator.test.ts; client/src/lib/exerciseExpansion.hazards.test.ts; client/src/lib/exerciseExpansion.logging.test.ts; supabase/prepared/exercise_expansion_v1/
E12,Dumbbell Wrist Ulnar Deviation,new record,412,Dumbbell Wrist Ulnar Deviation,verified,estimated-reviewed,verified,estimated-reviewed,derived-tested,derived-tested,derived-tested,derived-tested,derived-tested,derived-tested,derived-tested,load_reps,per_implement,derived-tested,derived-tested,pending,pending,unavailable-reviewed,unavailable-reviewed,verified,verified,derived-tested,derived-tested,pending,derived-tested,"database rows prepared, not applied (owner authorization, B009); no normative reference for this exact exercise and protocol (unsupported route tested); no exact-variation photo (placeholder shown); resistance curve not established (shown as unavailable)",docs/exercise-expansion-v1/evidence.json#E12; docs/exercise-expansion-v1/diagnostics.json#412; client/src/lib/exerciseExpansion.validator.test.ts; client/src/lib/exerciseExpansion.hazards.test.ts; client/src/lib/exerciseExpansion.logging.test.ts; supabase/prepared/exercise_expansion_v1/
E13,Cable Wrist Flexion,new record,413,Cable Wrist Flexion,verified,estimated-reviewed,verified,estimated-reviewed,not-applicable-reviewed,derived-tested,derived-tested,derived-tested,derived-tested,derived-tested,derived-tested,load_reps,machine_displayed_load,derived-tested,derived-tested,pending,pending,unavailable-reviewed,verified,verified,verified,derived-tested,derived-tested,pending,derived-tested,"database rows prepared, not applied (owner authorization, B009); no normative reference for this exact exercise and protocol (unsupported route tested); resistance curve not established (shown as unavailable)",docs/exercise-expansion-v1/evidence.json#E13; docs/exercise-expansion-v1/diagnostics.json#413; client/src/lib/exerciseExpansion.validator.test.ts; client/src/lib/exerciseExpansion.hazards.test.ts; client/src/lib/exerciseExpansion.logging.test.ts; supabase/prepared/exercise_expansion_v1/
E14,Behind-the-Back Barbell Wrist Curl,new record,414,Behind-the-Back Barbell Wrist Curl,verified,estimated-reviewed,verified,estimated-reviewed,derived-tested,derived-tested,derived-tested,derived-tested,derived-tested,derived-tested,derived-tested,load_reps,total_external_load,derived-tested,derived-tested,pending,pending,unavailable-reviewed,verified,verified,verified,derived-tested,derived-tested,pending,derived-tested,"database rows prepared, not applied (owner authorization, B009); no normative reference for this exact exercise and protocol (unsupported route tested); resistance curve not established (shown as unavailable)",docs/exercise-expansion-v1/evidence.json#E14; docs/exercise-expansion-v1/diagnostics.json#414; client/src/lib/exerciseExpansion.validator.test.ts; client/src/lib/exerciseExpansion.hazards.test.ts; client/src/lib/exerciseExpansion.logging.test.ts; supabase/prepared/exercise_expansion_v1/
E15,Finger Curl,new record (requested name kept as an alias: Finger Curl),415,Barbell Finger Curl,verified,estimated-reviewed,verified,estimated-reviewed,derived-tested,derived-tested,derived-tested,derived-tested,derived-tested,derived-tested,derived-tested,load_reps,total_external_load,derived-tested,derived-tested,pending,pending,unavailable-reviewed,verified,verified,verified,derived-tested,derived-tested,pending,derived-tested,"database rows prepared, not applied (owner authorization, B009); no normative reference for this exact exercise and protocol (unsupported route tested); resistance curve not established (shown as unavailable)",docs/exercise-expansion-v1/evidence.json#E15; docs/exercise-expansion-v1/diagnostics.json#415; client/src/lib/exerciseExpansion.validator.test.ts; client/src/lib/exerciseExpansion.hazards.test.ts; client/src/lib/exerciseExpansion.logging.test.ts; supabase/prepared/exercise_expansion_v1/
E16,Hand Gripper Close,new record,416,Hand Gripper Close,verified,estimated-reviewed,verified,estimated-reviewed,not-applicable-reviewed,derived-tested,derived-tested,derived-tested,derived-tested,derived-tested,derived-tested,setting_reps,resistance_setting,derived-tested,derived-tested,pending,pending,unavailable-reviewed,unavailable-reviewed,verified,verified,derived-tested,derived-tested,pending,derived-tested,"database rows prepared, not applied (owner authorization, B009); no normative reference for this exact exercise and protocol (unsupported route tested); no exact-variation photo (placeholder shown); resistance curve not established (shown as unavailable)",docs/exercise-expansion-v1/evidence.json#E16; docs/exercise-expansion-v1/diagnostics.json#416; client/src/lib/exerciseExpansion.validator.test.ts; client/src/lib/exerciseExpansion.hazards.test.ts; client/src/lib/exerciseExpansion.logging.test.ts; supabase/prepared/exercise_expansion_v1/
E17,Rubber-Band Finger Extension,new record,417,Rubber-Band Finger Extension,verified,estimated-reviewed,verified,estimated-reviewed,not-applicable-reviewed,derived-tested,derived-tested,derived-tested,derived-tested,derived-tested,derived-tested,setting_reps,resistance_setting,derived-tested,derived-tested,pending,pending,unavailable-reviewed,unavailable-reviewed,verified,verified,derived-tested,derived-tested,pending,derived-tested,"database rows prepared, not applied (owner authorization, B009); no normative reference for this exact exercise and protocol (unsupported route tested); no exact-variation photo (placeholder shown); resistance curve not established (shown as unavailable)",docs/exercise-expansion-v1/evidence.json#E17; docs/exercise-expansion-v1/diagnostics.json#417; client/src/lib/exerciseExpansion.validator.test.ts; client/src/lib/exerciseExpansion.hazards.test.ts; client/src/lib/exerciseExpansion.logging.test.ts; supabase/prepared/exercise_expansion_v1/
E18,Hub Grip Lift,new record,418,Hub Grip Lift,verified,estimated-reviewed,verified,estimated-reviewed,not-applicable-reviewed,derived-tested,derived-tested,derived-tested,derived-tested,derived-tested,derived-tested,load_duration,total_external_load,derived-tested,derived-tested,pending,pending,unavailable-reviewed,unavailable-reviewed,verified,verified,derived-tested,derived-tested,pending,derived-tested,"database rows prepared, not applied (owner authorization, B009); no normative reference for this exact exercise and protocol (unsupported route tested); no exact-variation photo (placeholder shown)",docs/exercise-expansion-v1/evidence.json#E18; docs/exercise-expansion-v1/diagnostics.json#418; client/src/lib/exerciseExpansion.validator.test.ts; client/src/lib/exerciseExpansion.hazards.test.ts; client/src/lib/exerciseExpansion.logging.test.ts; supabase/prepared/exercise_expansion_v1/
E19,Seated Dip Machine,new record,419,Seated Dip Machine,verified,estimated-reviewed,estimated-reviewed,estimated-reviewed,derived-tested,derived-tested,derived-tested,derived-tested,derived-tested,derived-tested,derived-tested,load_reps,machine_displayed_load,derived-tested,derived-tested,pending,pending,unavailable-reviewed,verified,verified,estimated-reviewed,derived-tested,derived-tested,pending,derived-tested,"database rows prepared, not applied (owner authorization, B009); no normative reference for this exact exercise and protocol (unsupported route tested); no exercise-specific source for: frontDelts (authored estimate); resistance curve not established (shown as unavailable)",docs/exercise-expansion-v1/evidence.json#E19; docs/exercise-expansion-v1/diagnostics.json#419; client/src/lib/exerciseExpansion.validator.test.ts; client/src/lib/exerciseExpansion.hazards.test.ts; client/src/lib/exerciseExpansion.logging.test.ts; supabase/prepared/exercise_expansion_v1/
E20,Assisted Dip Machine,new record,420,Assisted Dip Machine,verified,estimated-reviewed,estimated-reviewed,estimated-reviewed,derived-tested,derived-tested,derived-tested,derived-tested,derived-tested,derived-tested,derived-tested,assisted_reps,assistance,derived-tested,derived-tested,pending,pending,unavailable-reviewed,unavailable-reviewed,verified,estimated-reviewed,derived-tested,derived-tested,pending,derived-tested,"database rows prepared, not applied (owner authorization, B009); no normative reference for this exact exercise and protocol (unsupported route tested); no exercise-specific source for: triceps, chest, frontDelts (authored estimate); no exact-variation photo (placeholder shown); resistance curve not established (shown as unavailable)",docs/exercise-expansion-v1/evidence.json#E20; docs/exercise-expansion-v1/diagnostics.json#420; client/src/lib/exerciseExpansion.validator.test.ts; client/src/lib/exerciseExpansion.hazards.test.ts; client/src/lib/exerciseExpansion.logging.test.ts; supabase/prepared/exercise_expansion_v1/
E21,Assisted Pull-Up Machine,new record,421,Assisted Pull-Up Machine,verified,estimated-reviewed,estimated-reviewed,estimated-reviewed,derived-tested,derived-tested,derived-tested,derived-tested,derived-tested,derived-tested,derived-tested,assisted_reps,assistance,derived-tested,derived-tested,pending,pending,unavailable-reviewed,unavailable-reviewed,verified,estimated-reviewed,derived-tested,derived-tested,pending,derived-tested,"database rows prepared, not applied (owner authorization, B009); no normative reference for this exact exercise and protocol (unsupported route tested); no exercise-specific source for: lats, biceps, upperBack, rearDelts, forearms (authored estimate); no exact-variation photo (placeholder shown); resistance curve not established (shown as unavailable)",docs/exercise-expansion-v1/evidence.json#E21; docs/exercise-expansion-v1/diagnostics.json#421; client/src/lib/exerciseExpansion.validator.test.ts; client/src/lib/exerciseExpansion.hazards.test.ts; client/src/lib/exerciseExpansion.logging.test.ts; supabase/prepared/exercise_expansion_v1/
E22,Belt Squat Machine,new record,422,Belt Squat Machine,verified,estimated-reviewed,estimated-reviewed,estimated-reviewed,derived-tested,derived-tested,derived-tested,derived-tested,derived-tested,derived-tested,derived-tested,load_reps,machine_displayed_load,derived-tested,derived-tested,pending,pending,unavailable-reviewed,unavailable-reviewed,verified,estimated-reviewed,derived-tested,derived-tested,pending,derived-tested,"database rows prepared, not applied (owner authorization, B009); no normative reference for this exact exercise and protocol (unsupported route tested); no exercise-specific source for: quads, glutes, adductors (authored estimate); no exact-variation photo (placeholder shown); resistance curve not established (shown as unavailable)",docs/exercise-expansion-v1/evidence.json#E22; docs/exercise-expansion-v1/diagnostics.json#422; client/src/lib/exerciseExpansion.validator.test.ts; client/src/lib/exerciseExpansion.hazards.test.ts; client/src/lib/exerciseExpansion.logging.test.ts; supabase/prepared/exercise_expansion_v1/
E23,Horizontal Seated Leg Press,new record,423,Horizontal Seated Leg Press,verified,estimated-reviewed,estimated-reviewed,estimated-reviewed,derived-tested,derived-tested,derived-tested,derived-tested,derived-tested,derived-tested,derived-tested,load_reps,machine_displayed_load,derived-tested,derived-tested,pending,pending,unavailable-reviewed,unavailable-reviewed,verified,estimated-reviewed,derived-tested,derived-tested,pending,derived-tested,"database rows prepared, not applied (owner authorization, B009); no normative reference for this exact exercise and protocol (unsupported route tested); no exercise-specific source for: quads, glutes, adductors (authored estimate); no exact-variation photo (placeholder shown); resistance curve not established (shown as unavailable)",docs/exercise-expansion-v1/evidence.json#E23; docs/exercise-expansion-v1/diagnostics.json#423; client/src/lib/exerciseExpansion.validator.test.ts; client/src/lib/exerciseExpansion.hazards.test.ts; client/src/lib/exerciseExpansion.logging.test.ts; supabase/prepared/exercise_expansion_v1/
E24,Smith Machine Bulgarian Split Squat,new record,424,Smith Machine Bulgarian Split Squat,verified,estimated-reviewed,estimated-reviewed,estimated-reviewed,derived-tested,derived-tested,derived-tested,derived-tested,derived-tested,derived-tested,derived-tested,load_reps,machine_displayed_load,derived-tested,derived-tested,pending,pending,unavailable-reviewed,verified,verified,estimated-reviewed,derived-tested,derived-tested,pending,derived-tested,"database rows prepared, not applied (owner authorization, B009); no normative reference for this exact exercise and protocol (unsupported route tested); no exercise-specific source for: glutes, adductors (authored estimate); resistance curve not established (shown as unavailable)",docs/exercise-expansion-v1/evidence.json#E24; docs/exercise-expansion-v1/diagnostics.json#424; client/src/lib/exerciseExpansion.validator.test.ts; client/src/lib/exerciseExpansion.hazards.test.ts; client/src/lib/exerciseExpansion.logging.test.ts; supabase/prepared/exercise_expansion_v1/
E25,Smith Machine Romanian Deadlift,new record,425,Smith Machine Romanian Deadlift,verified,estimated-reviewed,estimated-reviewed,estimated-reviewed,derived-tested,derived-tested,derived-tested,derived-tested,derived-tested,derived-tested,derived-tested,load_reps,machine_displayed_load,derived-tested,derived-tested,pending,pending,unavailable-reviewed,verified,verified,estimated-reviewed,derived-tested,derived-tested,pending,derived-tested,"database rows prepared, not applied (owner authorization, B009); no normative reference for this exact exercise and protocol (unsupported route tested); no exercise-specific source for: glutes, forearms (authored estimate); resistance curve not established (shown as unavailable)",docs/exercise-expansion-v1/evidence.json#E25; docs/exercise-expansion-v1/diagnostics.json#425; client/src/lib/exerciseExpansion.validator.test.ts; client/src/lib/exerciseExpansion.hazards.test.ts; client/src/lib/exerciseExpansion.logging.test.ts; supabase/prepared/exercise_expansion_v1/
E26,Smith Machine Reverse Lunge,new record,426,Smith Machine Reverse Lunge,verified,estimated-reviewed,estimated-reviewed,estimated-reviewed,derived-tested,derived-tested,derived-tested,derived-tested,derived-tested,derived-tested,derived-tested,load_reps,machine_displayed_load,derived-tested,derived-tested,pending,pending,unavailable-reviewed,unavailable-reviewed,verified,estimated-reviewed,derived-tested,derived-tested,pending,derived-tested,"database rows prepared, not applied (owner authorization, B009); no normative reference for this exact exercise and protocol (unsupported route tested); no exercise-specific source for: quads, glutes, adductors, hamstrings (authored estimate); no exact-variation photo (placeholder shown); resistance curve not established (shown as unavailable)",docs/exercise-expansion-v1/evidence.json#E26; docs/exercise-expansion-v1/diagnostics.json#426; client/src/lib/exerciseExpansion.validator.test.ts; client/src/lib/exerciseExpansion.hazards.test.ts; client/src/lib/exerciseExpansion.logging.test.ts; supabase/prepared/exercise_expansion_v1/
E27,Machine Lateral Raise — Unilateral,new record (requested name kept as an alias: Machine Lateral Raise — Unilateral),427,Unilateral Machine Lateral Raise,verified,estimated-reviewed,estimated-reviewed,estimated-reviewed,derived-tested,derived-tested,derived-tested,derived-tested,derived-tested,derived-tested,derived-tested,load_reps,machine_displayed_load,derived-tested,derived-tested,pending,pending,unavailable-reviewed,unavailable-reviewed,verified,estimated-reviewed,derived-tested,derived-tested,pending,derived-tested,"database rows prepared, not applied (owner authorization, B009); no normative reference for this exact exercise and protocol (unsupported route tested); no exercise-specific source for: sideDelts, traps (authored estimate); no exact-variation photo (placeholder shown); resistance curve not established (shown as unavailable)",docs/exercise-expansion-v1/evidence.json#E27; docs/exercise-expansion-v1/diagnostics.json#427; client/src/lib/exerciseExpansion.validator.test.ts; client/src/lib/exerciseExpansion.hazards.test.ts; client/src/lib/exerciseExpansion.logging.test.ts; supabase/prepared/exercise_expansion_v1/
E28,Seated Back Extension Machine,new record,428,Seated Back Extension Machine,verified,estimated-reviewed,estimated-reviewed,estimated-reviewed,derived-tested,derived-tested,derived-tested,derived-tested,derived-tested,derived-tested,derived-tested,load_reps,machine_displayed_load,derived-tested,derived-tested,pending,pending,unavailable-reviewed,unavailable-reviewed,verified,estimated-reviewed,derived-tested,derived-tested,pending,derived-tested,"database rows prepared, not applied (owner authorization, B009); no normative reference for this exact exercise and protocol (unsupported route tested); no exercise-specific source for: lowerBack, glutes, hamstrings (authored estimate); no exact-variation photo (placeholder shown); resistance curve not established (shown as unavailable)",docs/exercise-expansion-v1/evidence.json#E28; docs/exercise-expansion-v1/diagnostics.json#428; client/src/lib/exerciseExpansion.validator.test.ts; client/src/lib/exerciseExpansion.hazards.test.ts; client/src/lib/exerciseExpansion.logging.test.ts; supabase/prepared/exercise_expansion_v1/
E29,Rotary Torso Machine,new record,429,Rotary Torso Machine,verified,estimated-reviewed,estimated-reviewed,estimated-reviewed,derived-tested,derived-tested,derived-tested,derived-tested,derived-tested,derived-tested,derived-tested,load_reps,machine_displayed_load,derived-tested,derived-tested,pending,pending,unavailable-reviewed,unavailable-reviewed,verified,estimated-reviewed,derived-tested,derived-tested,pending,derived-tested,"database rows prepared, not applied (owner authorization, B009); no normative reference for this exact exercise and protocol (unsupported route tested); no exercise-specific source for: obliques, abs (authored estimate); no exact-variation photo (placeholder shown); resistance curve not established (shown as unavailable)",docs/exercise-expansion-v1/evidence.json#E29; docs/exercise-expansion-v1/diagnostics.json#429; client/src/lib/exerciseExpansion.validator.test.ts; client/src/lib/exerciseExpansion.hazards.test.ts; client/src/lib/exerciseExpansion.logging.test.ts; supabase/prepared/exercise_expansion_v1/
E30,Hip Thrust Machine / Glute Drive,new record (requested name kept as an alias: Hip Thrust Machine / Glute Drive),430,Hip Thrust Machine,verified,estimated-reviewed,estimated-reviewed,estimated-reviewed,derived-tested,derived-tested,derived-tested,derived-tested,derived-tested,derived-tested,derived-tested,load_reps,machine_displayed_load,derived-tested,derived-tested,pending,pending,unavailable-reviewed,unavailable-reviewed,verified,estimated-reviewed,derived-tested,derived-tested,pending,derived-tested,"database rows prepared, not applied (owner authorization, B009); no normative reference for this exact exercise and protocol (unsupported route tested); no exercise-specific source for: glutes, hamstrings, adductors (authored estimate); no exact-variation photo (placeholder shown); resistance curve not established (shown as unavailable)",docs/exercise-expansion-v1/evidence.json#E30; docs/exercise-expansion-v1/diagnostics.json#430; client/src/lib/exerciseExpansion.validator.test.ts; client/src/lib/exerciseExpansion.hazards.test.ts; client/src/lib/exerciseExpansion.logging.test.ts; supabase/prepared/exercise_expansion_v1/
E31,Zercher Deadlift,new record,431,Zercher Deadlift,verified,estimated-reviewed,estimated-reviewed,estimated-reviewed,derived-tested,derived-tested,derived-tested,derived-tested,derived-tested,derived-tested,derived-tested,load_reps,total_external_load,derived-tested,derived-tested,pending,pending,unavailable-reviewed,unavailable-reviewed,verified,estimated-reviewed,derived-tested,derived-tested,pending,derived-tested,"database rows prepared, not applied (owner authorization, B009); no normative reference for this exact exercise and protocol (unsupported route tested); no exercise-specific source for: glutes, hamstrings, quads, lowerBack, upperBack, biceps, abs (authored estimate); no exact-variation photo (placeholder shown); resistance curve not established (shown as unavailable)",docs/exercise-expansion-v1/evidence.json#E31; docs/exercise-expansion-v1/diagnostics.json#431; client/src/lib/exerciseExpansion.validator.test.ts; client/src/lib/exerciseExpansion.hazards.test.ts; client/src/lib/exerciseExpansion.logging.test.ts; supabase/prepared/exercise_expansion_v1/
E32,Trap-Bar Deadlift,new record,432,Trap-Bar Deadlift,verified,estimated-reviewed,estimated-reviewed,estimated-reviewed,verified,derived-tested,derived-tested,derived-tested,derived-tested,derived-tested,derived-tested,load_reps,total_external_load,derived-tested,derived-tested,pending,pending,unavailable-reviewed,verified,verified,estimated-reviewed,derived-tested,derived-tested,pending,derived-tested,"database rows prepared, not applied (owner authorization, B009); no normative reference for this exact exercise and protocol (unsupported route tested); no exercise-specific source for: traps, forearms (authored estimate); resistance curve not established (shown as unavailable)",docs/exercise-expansion-v1/evidence.json#E32; docs/exercise-expansion-v1/diagnostics.json#432; client/src/lib/exerciseExpansion.validator.test.ts; client/src/lib/exerciseExpansion.hazards.test.ts; client/src/lib/exerciseExpansion.logging.test.ts; supabase/prepared/exercise_expansion_v1/
E33,Sumo Deadlift,new record,433,Sumo Deadlift,verified,estimated-reviewed,estimated-reviewed,estimated-reviewed,verified,derived-tested,derived-tested,derived-tested,derived-tested,derived-tested,derived-tested,load_reps,total_external_load,derived-tested,derived-tested,pending,pending,unavailable-reviewed,verified,verified,estimated-reviewed,derived-tested,derived-tested,pending,derived-tested,"database rows prepared, not applied (owner authorization, B009); no normative reference for this exact exercise and protocol (unsupported route tested); no exercise-specific source for: traps, forearms (authored estimate); resistance curve not established (shown as unavailable)",docs/exercise-expansion-v1/evidence.json#E33; docs/exercise-expansion-v1/diagnostics.json#433; client/src/lib/exerciseExpansion.validator.test.ts; client/src/lib/exerciseExpansion.hazards.test.ts; client/src/lib/exerciseExpansion.logging.test.ts; supabase/prepared/exercise_expansion_v1/
E34,Safety-Bar Squat,new record,434,Safety-Bar Squat,verified,estimated-reviewed,estimated-reviewed,estimated-reviewed,verified,derived-tested,derived-tested,derived-tested,derived-tested,derived-tested,derived-tested,load_reps,total_external_load,derived-tested,derived-tested,pending,pending,unavailable-reviewed,unavailable-reviewed,verified,estimated-reviewed,derived-tested,derived-tested,pending,derived-tested,"database rows prepared, not applied (owner authorization, B009); no normative reference for this exact exercise and protocol (unsupported route tested); no exercise-specific source for: adductors, upperBack, abs (authored estimate); no exact-variation photo (placeholder shown); resistance curve not established (shown as unavailable)",docs/exercise-expansion-v1/evidence.json#E34; docs/exercise-expansion-v1/diagnostics.json#434; client/src/lib/exerciseExpansion.validator.test.ts; client/src/lib/exerciseExpansion.hazards.test.ts; client/src/lib/exerciseExpansion.logging.test.ts; supabase/prepared/exercise_expansion_v1/
E35,Belt Squat — Loading Pin,new record (requested name kept as an alias: Belt Squat — Loading Pin),435,Loading-Pin Belt Squat,verified,estimated-reviewed,estimated-reviewed,estimated-reviewed,not-applicable-reviewed,derived-tested,derived-tested,derived-tested,derived-tested,derived-tested,derived-tested,load_reps,total_external_load,derived-tested,derived-tested,pending,pending,unavailable-reviewed,unavailable-reviewed,verified,estimated-reviewed,derived-tested,derived-tested,pending,derived-tested,"database rows prepared, not applied (owner authorization, B009); no normative reference for this exact exercise and protocol (unsupported route tested); no exercise-specific source for: quads, glutes, adductors (authored estimate); no exact-variation photo (placeholder shown); resistance curve not established (shown as unavailable)",docs/exercise-expansion-v1/evidence.json#E35; docs/exercise-expansion-v1/diagnostics.json#435; client/src/lib/exerciseExpansion.validator.test.ts; client/src/lib/exerciseExpansion.hazards.test.ts; client/src/lib/exerciseExpansion.logging.test.ts; supabase/prepared/exercise_expansion_v1/
E36,Reverse Nordic Curl,new record,436,Reverse Nordic Curl,verified,estimated-reviewed,estimated-reviewed,estimated-reviewed,verified,derived-tested,derived-tested,derived-tested,derived-tested,derived-tested,derived-tested,reps_only,bodyweight_reps,derived-tested,derived-tested,pending,pending,unavailable-reviewed,unavailable-reviewed,verified,estimated-reviewed,derived-tested,derived-tested,pending,derived-tested,"database rows prepared, not applied (owner authorization, B009); no normative reference for this exact exercise and protocol (unsupported route tested); no exercise-specific source for: abs (authored estimate); no exact-variation photo (placeholder shown)",docs/exercise-expansion-v1/evidence.json#E36; docs/exercise-expansion-v1/diagnostics.json#436; client/src/lib/exerciseExpansion.validator.test.ts; client/src/lib/exerciseExpansion.hazards.test.ts; client/src/lib/exerciseExpansion.logging.test.ts; supabase/prepared/exercise_expansion_v1/
E37,Dumbbell Lateral Lunge,new record,437,Dumbbell Lateral Lunge,verified,estimated-reviewed,estimated-reviewed,estimated-reviewed,derived-tested,derived-tested,derived-tested,derived-tested,derived-tested,derived-tested,derived-tested,load_reps,per_implement,derived-tested,derived-tested,pending,pending,unavailable-reviewed,unavailable-reviewed,verified,estimated-reviewed,derived-tested,derived-tested,pending,derived-tested,"database rows prepared, not applied (owner authorization, B009); no normative reference for this exact exercise and protocol (unsupported route tested); no exercise-specific source for: quads, glutes, adductors, abductors, hamstrings (authored estimate); no exact-variation photo (placeholder shown); resistance curve not established (shown as unavailable)",docs/exercise-expansion-v1/evidence.json#E37; docs/exercise-expansion-v1/diagnostics.json#437; client/src/lib/exerciseExpansion.validator.test.ts; client/src/lib/exerciseExpansion.hazards.test.ts; client/src/lib/exerciseExpansion.logging.test.ts; supabase/prepared/exercise_expansion_v1/
E38,Single-Leg Seated Leg Curl,new record,438,Single-Leg Seated Leg Curl,verified,estimated-reviewed,estimated-reviewed,estimated-reviewed,verified,derived-tested,derived-tested,derived-tested,derived-tested,derived-tested,derived-tested,load_reps,machine_displayed_load,derived-tested,derived-tested,pending,pending,unavailable-reviewed,unavailable-reviewed,verified,estimated-reviewed,derived-tested,derived-tested,pending,derived-tested,"database rows prepared, not applied (owner authorization, B009); no normative reference for this exact exercise and protocol (unsupported route tested); no exercise-specific source for: calves (authored estimate); no exact-variation photo (placeholder shown); resistance curve not established (shown as unavailable)",docs/exercise-expansion-v1/evidence.json#E38; docs/exercise-expansion-v1/diagnostics.json#438; client/src/lib/exerciseExpansion.validator.test.ts; client/src/lib/exerciseExpansion.hazards.test.ts; client/src/lib/exerciseExpansion.logging.test.ts; supabase/prepared/exercise_expansion_v1/
E39,Single-Leg Lying Leg Curl,new record,439,Single-Leg Lying Leg Curl,verified,estimated-reviewed,estimated-reviewed,estimated-reviewed,verified,derived-tested,derived-tested,derived-tested,derived-tested,derived-tested,derived-tested,load_reps,machine_displayed_load,derived-tested,derived-tested,pending,pending,unavailable-reviewed,unavailable-reviewed,verified,estimated-reviewed,derived-tested,derived-tested,pending,derived-tested,"database rows prepared, not applied (owner authorization, B009); no normative reference for this exact exercise and protocol (unsupported route tested); no exercise-specific source for: calves (authored estimate); no exact-variation photo (placeholder shown); resistance curve not established (shown as unavailable)",docs/exercise-expansion-v1/evidence.json#E39; docs/exercise-expansion-v1/diagnostics.json#439; client/src/lib/exerciseExpansion.validator.test.ts; client/src/lib/exerciseExpansion.hazards.test.ts; client/src/lib/exerciseExpansion.logging.test.ts; supabase/prepared/exercise_expansion_v1/
E40,Seated Dumbbell Hip Flexion,new record,440,Seated Dumbbell Hip Flexion,verified,estimated-reviewed,estimated-reviewed,estimated-reviewed,derived-tested,derived-tested,derived-tested,derived-tested,derived-tested,derived-tested,derived-tested,load_reps,per_implement,derived-tested,derived-tested,pending,pending,unavailable-reviewed,unavailable-reviewed,verified,estimated-reviewed,derived-tested,derived-tested,pending,derived-tested,"database rows prepared, not applied (owner authorization, B009); no normative reference for this exact exercise and protocol (unsupported route tested); no exercise-specific source for: hipFlexors, quads, abs (authored estimate); no exact-variation photo (placeholder shown); resistance curve not established (shown as unavailable)",docs/exercise-expansion-v1/evidence.json#E40; docs/exercise-expansion-v1/diagnostics.json#440; client/src/lib/exerciseExpansion.validator.test.ts; client/src/lib/exerciseExpansion.hazards.test.ts; client/src/lib/exerciseExpansion.logging.test.ts; supabase/prepared/exercise_expansion_v1/
E41,Suitcase Carry,new record,441,Suitcase Carry,verified,estimated-reviewed,estimated-reviewed,estimated-reviewed,verified,derived-tested,derived-tested,derived-tested,derived-tested,derived-tested,derived-tested,load_distance,per_hand,derived-tested,derived-tested,pending,pending,unavailable-reviewed,unavailable-reviewed,verified,estimated-reviewed,derived-tested,derived-tested,pending,derived-tested,"database rows prepared, not applied (owner authorization, B009); no normative reference for this exact exercise and protocol (unsupported route tested); no exercise-specific source for: forearms (authored estimate); no exact-variation photo (placeholder shown)",docs/exercise-expansion-v1/evidence.json#E41; docs/exercise-expansion-v1/diagnostics.json#441; client/src/lib/exerciseExpansion.validator.test.ts; client/src/lib/exerciseExpansion.hazards.test.ts; client/src/lib/exerciseExpansion.logging.test.ts; supabase/prepared/exercise_expansion_v1/
E42,Front-Rack Kettlebell Carry,new record,442,Front-Rack Kettlebell Carry,verified,estimated-reviewed,estimated-reviewed,estimated-reviewed,derived-tested,derived-tested,derived-tested,derived-tested,derived-tested,derived-tested,derived-tested,load_distance,per_hand,derived-tested,derived-tested,pending,pending,unavailable-reviewed,unavailable-reviewed,verified,estimated-reviewed,derived-tested,derived-tested,pending,derived-tested,"database rows prepared, not applied (owner authorization, B009); no normative reference for this exact exercise and protocol (unsupported route tested); no exercise-specific source for: abs, upperBack, forearms, biceps, obliques, glutes (authored estimate); no exact-variation photo (placeholder shown)",docs/exercise-expansion-v1/evidence.json#E42; docs/exercise-expansion-v1/diagnostics.json#442; client/src/lib/exerciseExpansion.validator.test.ts; client/src/lib/exerciseExpansion.hazards.test.ts; client/src/lib/exerciseExpansion.logging.test.ts; supabase/prepared/exercise_expansion_v1/
E43,Single-Arm Overhead Carry,new record (requested name kept as an alias: Single-Arm Overhead Carry),443,Single-Arm Kettlebell Overhead Carry,verified,estimated-reviewed,estimated-reviewed,estimated-reviewed,derived-tested,derived-tested,derived-tested,derived-tested,derived-tested,derived-tested,derived-tested,load_distance,per_hand,derived-tested,derived-tested,pending,pending,unavailable-reviewed,unavailable-reviewed,verified,estimated-reviewed,derived-tested,derived-tested,pending,derived-tested,"database rows prepared, not applied (owner authorization, B009); no normative reference for this exact exercise and protocol (unsupported route tested); no exercise-specific source for: shoulders, traps, obliques, rotatorCuff, serratusAnterior, triceps, abs (authored estimate); no exact-variation photo (placeholder shown)",docs/exercise-expansion-v1/evidence.json#E43; docs/exercise-expansion-v1/diagnostics.json#443; client/src/lib/exerciseExpansion.validator.test.ts; client/src/lib/exerciseExpansion.hazards.test.ts; client/src/lib/exerciseExpansion.logging.test.ts; supabase/prepared/exercise_expansion_v1/
E44,Sandbag Bear-Hug Carry,new record,444,Sandbag Bear-Hug Carry,verified,estimated-reviewed,estimated-reviewed,estimated-reviewed,not-applicable-reviewed,derived-tested,derived-tested,derived-tested,derived-tested,derived-tested,derived-tested,load_distance,total_external_load,derived-tested,derived-tested,pending,pending,unavailable-reviewed,unavailable-reviewed,verified,estimated-reviewed,derived-tested,derived-tested,pending,derived-tested,"database rows prepared, not applied (owner authorization, B009); no normative reference for this exact exercise and protocol (unsupported route tested); no exercise-specific source for: upperBack, abs, biceps, lowerBack, quads, glutes (authored estimate); no exact-variation photo (placeholder shown)",docs/exercise-expansion-v1/evidence.json#E44; docs/exercise-expansion-v1/diagnostics.json#444; client/src/lib/exerciseExpansion.validator.test.ts; client/src/lib/exerciseExpansion.hazards.test.ts; client/src/lib/exerciseExpansion.logging.test.ts; supabase/prepared/exercise_expansion_v1/
E45,Sandbag Ground-to-Shoulder,new record,445,Sandbag Ground-to-Shoulder,verified,estimated-reviewed,estimated-reviewed,estimated-reviewed,not-applicable-reviewed,derived-tested,derived-tested,derived-tested,derived-tested,derived-tested,derived-tested,load_reps,total_external_load,derived-tested,derived-tested,pending,pending,unavailable-reviewed,unavailable-reviewed,verified,estimated-reviewed,derived-tested,derived-tested,pending,derived-tested,"database rows prepared, not applied (owner authorization, B009); no normative reference for this exact exercise and protocol (unsupported route tested); no exercise-specific source for: glutes, hamstrings, quads, upperBack, biceps, lowerBack, traps, abs (authored estimate); no exact-variation photo (placeholder shown); resistance curve not established (shown as unavailable)",docs/exercise-expansion-v1/evidence.json#E45; docs/exercise-expansion-v1/diagnostics.json#445; client/src/lib/exerciseExpansion.validator.test.ts; client/src/lib/exerciseExpansion.hazards.test.ts; client/src/lib/exerciseExpansion.logging.test.ts; supabase/prepared/exercise_expansion_v1/
E46,Backward Overhead Sled Drag,"new record; ambiguous name resolved to the Free Exercise DB ""Sled Overhead Backward Walk"" definition",446,Backward Overhead Sled Drag,verified,estimated-reviewed,estimated-reviewed,estimated-reviewed,not-applicable-reviewed,derived-tested,derived-tested,derived-tested,derived-tested,derived-tested,derived-tested,load_distance,total_external_load,derived-tested,derived-tested,pending,pending,unavailable-reviewed,verified,verified,estimated-reviewed,derived-tested,derived-tested,pending,derived-tested,"database rows prepared, not applied (owner authorization, B009); no normative reference for this exact exercise and protocol (unsupported route tested); no exercise-specific source for: abs (authored estimate)",docs/exercise-expansion-v1/evidence.json#E46; docs/exercise-expansion-v1/diagnostics.json#446; client/src/lib/exerciseExpansion.validator.test.ts; client/src/lib/exerciseExpansion.hazards.test.ts; client/src/lib/exerciseExpansion.logging.test.ts; supabase/prepared/exercise_expansion_v1/
E47,Sled Rope Pull,new record,447,Sled Rope Pull,verified,estimated-reviewed,estimated-reviewed,estimated-reviewed,not-applicable-reviewed,derived-tested,derived-tested,derived-tested,derived-tested,derived-tested,derived-tested,load_distance,total_external_load,derived-tested,derived-tested,pending,pending,unavailable-reviewed,unavailable-reviewed,verified,estimated-reviewed,derived-tested,derived-tested,pending,derived-tested,"database rows prepared, not applied (owner authorization, B009); no normative reference for this exact exercise and protocol (unsupported route tested); no exercise-specific source for: lats, upperBack, forearms, biceps, rearDelts, abs (authored estimate); no exact-variation photo (placeholder shown); resistance curve not established (shown as unavailable)",docs/exercise-expansion-v1/evidence.json#E47; docs/exercise-expansion-v1/diagnostics.json#447; client/src/lib/exerciseExpansion.validator.test.ts; client/src/lib/exerciseExpansion.hazards.test.ts; client/src/lib/exerciseExpansion.logging.test.ts; supabase/prepared/exercise_expansion_v1/
E48,Cable Side Bend,new record,448,Cable Side Bend,verified,estimated-reviewed,estimated-reviewed,estimated-reviewed,not-applicable-reviewed,derived-tested,derived-tested,derived-tested,derived-tested,derived-tested,derived-tested,load_reps,machine_displayed_load,derived-tested,derived-tested,pending,pending,unavailable-reviewed,unavailable-reviewed,verified,estimated-reviewed,derived-tested,derived-tested,pending,derived-tested,"database rows prepared, not applied (owner authorization, B009); no normative reference for this exact exercise and protocol (unsupported route tested); no exercise-specific source for: obliques, lowerBack, abs (authored estimate); no exact-variation photo (placeholder shown); resistance curve not established (shown as unavailable)",docs/exercise-expansion-v1/evidence.json#E48; docs/exercise-expansion-v1/diagnostics.json#448; client/src/lib/exerciseExpansion.validator.test.ts; client/src/lib/exerciseExpansion.hazards.test.ts; client/src/lib/exerciseExpansion.logging.test.ts; supabase/prepared/exercise_expansion_v1/
E49,Dumbbell Side Bend,new record,449,Dumbbell Side Bend,verified,estimated-reviewed,estimated-reviewed,estimated-reviewed,derived-tested,derived-tested,derived-tested,derived-tested,derived-tested,derived-tested,derived-tested,load_reps,per_implement,derived-tested,derived-tested,pending,pending,unavailable-reviewed,verified,verified,estimated-reviewed,derived-tested,derived-tested,pending,derived-tested,"database rows prepared, not applied (owner authorization, B009); no normative reference for this exact exercise and protocol (unsupported route tested); no exercise-specific source for: obliques, lowerBack, abs (authored estimate); resistance curve not established (shown as unavailable)",docs/exercise-expansion-v1/evidence.json#E49; docs/exercise-expansion-v1/diagnostics.json#449; client/src/lib/exerciseExpansion.validator.test.ts; client/src/lib/exerciseExpansion.hazards.test.ts; client/src/lib/exerciseExpansion.logging.test.ts; supabase/prepared/exercise_expansion_v1/
E50,Half-Kneeling Cable Lift,new record,450,Half-Kneeling Cable Lift,verified,estimated-reviewed,estimated-reviewed,estimated-reviewed,not-applicable-reviewed,derived-tested,derived-tested,derived-tested,derived-tested,derived-tested,derived-tested,load_reps,machine_displayed_load,derived-tested,derived-tested,pending,pending,unavailable-reviewed,unavailable-reviewed,verified,estimated-reviewed,derived-tested,derived-tested,pending,derived-tested,"database rows prepared, not applied (owner authorization, B009); no normative reference for this exact exercise and protocol (unsupported route tested); no exercise-specific source for: obliques, abs, frontDelts, triceps, glutes (authored estimate); no exact-variation photo (placeholder shown); resistance curve not established (shown as unavailable)",docs/exercise-expansion-v1/evidence.json#E50; docs/exercise-expansion-v1/diagnostics.json#450; client/src/lib/exerciseExpansion.validator.test.ts; client/src/lib/exerciseExpansion.hazards.test.ts; client/src/lib/exerciseExpansion.logging.test.ts; supabase/prepared/exercise_expansion_v1/
