field,type,scale_or_unit,allowed_values,authoring_method,consumers,missing_behavior,validator
id,number,integer,"401-450 for this expansion (400 + candidate); never positional, never reused",authored,"catalog assembly; plan catalogId; device sessions; photos; load conventions; measurement; database __catalog_<id>",record absent from catalog,validateExpansion: id range and uniqueness
name,string,text,canonical variation name; unique case-insensitively,authored,"search; movement-support phrase match; share/import; session identity",record unfindable,validateExpansionRecord: name; validator test: search ranks it first
requestedName,string,text,the brief's wording,authored (brief),search aliases; matrix,requested wording unfindable,validator test: search by requested name
aliases,string[],text,real alternative names; never another record's canonical name,authored,exerciseSearch EXERCISE_ALIASES,fewer search hits,validator test: search
sourceGroup,string,text,"Neck|Forearm & Grip|Machines|Barbell & Lower Body|Carries, Sleds & Trunk — Expansion v1",authored,catalog grouping,ungrouped in catalog lists,non-empty (type)
category,string,text,existing categories plus Neck,authored,"splitAssignment pools; picker scope",reaches no training split,validateExpansionRecord: category reaches a split
equipment,string,text,catalogEquipment (17 options incl. Trap bar/Safety squat bar/Sandbag/Loading pin/Grip hub/Hand gripper/Neck harness),authored,"equipment filter; study fallback; entry wording; practicality",slips through or is wrongly excluded from stacks,validateExpansionRecord: equipment is an access option
movement,string,text,existing values or a specific new one; must not change the week board's top 12,authored,"week pattern board; movement-support related tier; broad-pattern rule",unknown-pattern row in Week Review,validateExpansionRecord: non-empty; hazards test: commonMovements unchanged
primaryMuscles,string[],catalog keys,keys with week label + figure region + strength region; unique,authored from evidence.json,"genome; split coverage 56; exposure 1.0/set; figure; strength region; movement-support muscle tier",muscle invisible or counted as zero,"validateExpansionRecord: labels, figure, strength region, uniqueness"
secondaryMuscles,string[],catalog keys,disjoint from primary; unique,authored from evidence.json,"genome synergist/stabilizer; split coverage 24; exposure 0.5/set",double counting,validateExpansionRecord: disjoint and unique
qualities,string[],tags,qualityToDemand keys + unmappedQualities only,authored,"fingerprint; quality-derived patterns; sport demand coverage",unrecognised tag ignored silently,validateExpansionRecord: recognised tags; implied patterns present
muscleGrade,Grade,ordinal,S (multi-joint/carry/sled) or A (single-joint/isometric/band),authored rubric,catalog tier stamp,no tier,validateExpansionRecord: grade enum
sportFit,Record<Sport>,ordinal + text,"five keys tennis/basketball/soccer/baseball/combat, each grade F-SS and help text",authored rubric (family scale),sport filters; recommendations,missing sport row,validateExpansionRecord: all five keys
descriptor.setup / entryNote / distinctFrom,string,text,exact variation; what the typed number means; how it differs from neighbours,authored from evidence.json,exercise record (mechanics tab); tracker entry note,variation ambiguous,validateExpansionRecord: all three required
descriptor.movementPatterns,string[],genome pattern labels,must include tag-implied patterns; never Crawling,authored,"genome similarity; workout gaps; force direction",name inference used instead,validateExpansionRecord
descriptor.jointActions,string[],text,joint actions of the exact task,authored from evidence.json,exercise record mechanics,generic fallback text,validateExpansionRecord: non-empty
descriptor.forceDirection / chain / stance,string / enum / enum,text,"chain Open|Closed|Mixed; stance Bilateral|Unilateral|Mixed (per-side measurement => not Bilateral)",authored,exercise record; compare sheet,inferred from name,validateExpansionRecord: stance vs laterality
descriptor.resistance,object,"bias + 0 or 5 relative points (0-100, model scale)","bias Lengthened|Mid-range|Shortened|Even|Isometric|Not established; empty curve needs Isometric/Not established/Lengthened",authored; Not established where no source measured it,"genome long-length/peak signals; similarity (unknown bias left out); exercise record curve",fabricated polygon,validateExpansionRecord: curve length and stated reason
descriptor.fingerprint,FingerprintPredicates,booleans,"freeWeight, unilateral, ballistic, complex, machine (=equipment Machine), isolation, strengthPattern, deepRange, axialPattern, rackCost",authored,fingerprint formula (unchanged constants),name regex used instead,validateExpansionRecord: machine matches equipment; agrees with targeting
descriptor.task,GenomeTaskPredicates,booleans,"gripTask, axialTask, needsSpace, specialistEquipment",authored,genome fatigue and practicality,name regex used instead,type
descriptor.targeting,TargetingPredicates,enums/booleans,"forceVector cable|guided|gravity|band|self; unilateral; ballistic; eccentric; lengthened; broadMoment; momentArm; forceLength",authored,ten-factor targeting model (unchanged constants),name regex used instead,validateExpansionRecord: agrees with fingerprint
descriptor.studyKey / studyQualification,string|null / string,calibration key,existing calibration record or null; qualification names what the study did not test,authored from evidence.json,evidenceContext; direct-evidence floor (82),study attached by name,validateExpansionRecord: key exists; qualification needs a key
descriptor.anatomy,Record<key,string>,text,one entry per tagged muscle naming the real muscles,authored from evidence.json,genome anatomicalLabel and why text,generic label,validateExpansionRecord: every tagged key and only those
descriptor.stabilizers,string[],catalog keys,subset of secondaryMuscles,authored,genome role (Stabilizer vs Synergist),bracing-tag rule used,validateExpansionRecord: subset of secondary
measurement.mode,enum,—,load_reps|reps_only|setting_reps|assisted_reps|duration|load_duration|load_distance,authored (shared/exerciseMeasurement.ts),"tracker boxes; count box; set lines; volume; strength observations; default target; swap notes; Strength Genome entry",logged as load × reps,validateExpansionRecord: explicit and consistent with convention
measurement.laterality,enum,—,bilateral|per_side|alternating,authored,tracker side choice; set lines,side unrecorded,validateExpansionRecord: per_side not bilateral stance
measurement.e1rmEligible / e1rmReason,boolean / string,—,ineligible needs a reason,authored,"workoutStrengthRecord; Strength Genome entry refusal",hold/carry/assistance enters e1RM,validateExpansionRecord: reason required
loadConvention,enum,—,"total_external_load|per_implement|machine_displayed_load|bodyweight_reps|per_hand|assistance|resistance_setting|no_external_load",authored (shared/loadConventions.ts EXPANSION_V1),"entry labels; set lines; volume basis; observation loadSemantics; DB policy parity",silently total_external_load,validateExpansionRecord: classified; hazards test: all 50 explicit
set.seconds / distance / distanceUnit / setting / side,string / string / m|yd / string / left|right,"seconds; metres (yards allowed); free text; side",typed persisted fields on DeviceSetLog,athlete-entered,"tracker; set lines; carried entry (side never carried)",measure lost on reload,logging test: save/reload round trip
photo mapping,[source,frames,w,h],pixels,exact-variation Free Exercise DB pair at the pinned commit; frame order verdict,authored after viewing every frame,ExerciseMedia; thumbnails; sources.json,placeholder frame (never another exercise's photo),exercisePhotos tests: verdict for every pair; media.json disposition for all 50
database exercise row,uuid + canonical_name,—,<snake_name>__catalog_<id>; source_catalog_id; movement_pattern,prepared migration (not applied),server curve/profile join by catalog id,no curve; personal history unaffected,migration parity test
database muscle mappings,role + contribution_weight 0-1 + confidence_score 0-100,"weight: ordinal role default written explicitly (primary 0.75, secondary 0.40, stabilizer 0.20); confidence: 60 = authored estimate",real muscle uuids only,prepared migration (not applied),server aggregation (only when a percentile exists),inert without a norm,migration parity test
database scoring policy,load_semantics + scoring_mode,—,"scoring_mode 'unsupported', is_beta_enabled false; load_semantics mirrors the app convention (assistance/setting/no load -> not_applicable)",prepared migration (not applied),score_strength_input_v1,no score; personal tracking only,migration parity test
